avg_sentiment,pct_positive,pct_negative,pct_neutral,total_reviews
0.22751892103864949,63.16449307217636,29.2059460427555,7.6295608850681385,61419
