avg_sentiment,pct_positive,pct_negative,pct_neutral,total_reviews
0.31057773735021776,68.1660100199426,25.10700909577314,6.726980884284255,82236
